{"cameraMode":{"drawMode":0,"name":"Shaded","section":"Shading Mode"},"sceneLighting":true,"audioPlay":false,"sceneViewState":{"showFog":false,"showMaterialUpdate":false,"showSkybox":false,"showFlares":true,"showImageEffects":true,"showParticleSystems":true},"in2DMode":false,"pivot":{"x":0.254459023475647,"y":1.4994678497314454,"z":-33.704593658447269},"rotation":{"x":0.017080744728446008,"y":-0.9829058051109314,"z":0.1269015669822693,"w":0.13229970633983613},"size":7.595736503601074,"orthographic":false}